{
    "accuracy": 0.7898997686969931,
    "precision": 0.7774343122102009,
    "recall": 0.7965162311955661,
    "auc": 0.8707899156064682
}