{
    "accuracy": 0.7941403238242097,
    "precision": 0.7819025522041764,
    "recall": 0.8004750593824228,
    "auc": 0.8741428735441417
}