{
    "accuracy": 0.7895920334082879,
    "precision": 0.7798824297844547,
    "recall": 0.7896825396825397,
    "auc": 0.8702827928312
}